[
  {
    "service": "Drain Cleaning",
    "city": "Southlake",
    "state": "TX",
    "phone": "(469) 555-1234",
    "email": "info@draincleaningtx.com",
    "business_name": "Southlake Drain Pros",
    "about": "We\u2019re your 24/7 local plumbing pros specializing in drain cleaning and fast emergency service.",
    "services_list": "Drain Cleaning, Sewer Repair, Leak Detection, Emergency Plumbing",
    "why_us": "24/7 Emergency Service, Fast Response Time, Affordable Rates, Experienced Technicians",
    "review1": "\u201cFantastic service! They arrived within 30 minutes and fixed our issue.\u201d \u2013 Mike S.",
    "review2": "\u201cAffordable and reliable. Highly recommend them!\u201d \u2013 Sarah K.",
    "review3": "\u201cCalled them at midnight, and they were there in no time!\u201d \u2013 John D.",
    "faq_q1": "Do you offer emergency plumbing services?",
    "faq_a1": "Yes, we are available 24/7 including nights, weekends, and holidays.",
    "faq_q2": "What areas do you serve?",
    "faq_a2": "We serve all neighborhoods in and around Southlake, TX.",
    "faq_q3": "How much does drain cleaning cost?",
    "faq_a3": "Our prices start at $89. We offer free estimates on-site.",
    "meta_title": "24 Hour Drain Cleaning in Southlake TX | Affordable Emergency Plumber",
    "meta_desc": "Get fast & affordable 24 hour drain cleaning in Southlake, TX. Call our expert emergency plumbers now for quick help!"
  }
]